Date,Type,Link
1843-06-18 00:00:00 UTC,EMPATHY,https://www.linkedin.com/posts/fake-persona-142_activity-7000000000000000-AaAa
1842-10-07 00:00:00 UTC,INTEREST,https://www.linkedin.com/posts/fake-persona-720_activity-7000000000000001-AaAa
1846-11-01 00:00:00 UTC,LIKE,https://www.linkedin.com/posts/fake-persona-159_activity-7000000000000002-AaAa
1840-01-24 00:00:00 UTC,PRAISE,https://www.linkedin.com/posts/fake-persona-997_activity-7000000000000003-AaAa
1849-09-09 00:00:00 UTC,MAYBE,https://www.linkedin.com/posts/fake-persona-187_activity-7000000000000004-AaAa
1847-05-15 00:00:00 UTC,APPRECIATION,https://www.linkedin.com/posts/fake-persona-47_activity-7000000000000005-AaAa
1850-09-24 00:00:00 UTC,PRAISE,https://www.linkedin.com/posts/fake-persona-740_activity-7000000000000006-AaAa
1849-04-15 00:00:00 UTC,EMPATHY,https://www.linkedin.com/posts/fake-persona-536_activity-7000000000000007-AaAa
1848-08-25 00:00:00 UTC,INTEREST,https://www.linkedin.com/posts/fake-persona-22_activity-7000000000000008-AaAa
1841-12-01 00:00:00 UTC,APPRECIATION,https://www.linkedin.com/posts/fake-persona-755_activity-7000000000000009-AaAa
1844-07-18 00:00:00 UTC,APPRECIATION,https://www.linkedin.com/posts/fake-persona-477_activity-7000000000000010-AaAa
1845-07-04 00:00:00 UTC,EMPATHY,https://www.linkedin.com/posts/fake-persona-422_activity-7000000000000011-AaAa
1847-03-02 00:00:00 UTC,APPRECIATION,https://www.linkedin.com/posts/fake-persona-426_activity-7000000000000012-AaAa
1841-07-25 00:00:00 UTC,APPRECIATION,https://www.linkedin.com/posts/fake-persona-576_activity-7000000000000013-AaAa
1848-03-04 00:00:00 UTC,APPRECIATION,https://www.linkedin.com/posts/fake-persona-623_activity-7000000000000014-AaAa
1849-02-23 00:00:00 UTC,APPRECIATION,https://www.linkedin.com/posts/fake-persona-508_activity-7000000000000015-AaAa
1849-08-07 00:00:00 UTC,LIKE,https://www.linkedin.com/posts/fake-persona-989_activity-7000000000000016-AaAa
1850-01-19 00:00:00 UTC,LIKE,https://www.linkedin.com/posts/fake-persona-99_activity-7000000000000017-AaAa
1851-05-19 00:00:00 UTC,INTEREST,https://www.linkedin.com/posts/fake-persona-234_activity-7000000000000018-AaAa
1849-01-03 00:00:00 UTC,APPRECIATION,https://www.linkedin.com/posts/fake-persona-434_activity-7000000000000019-AaAa
1849-01-09 00:00:00 UTC,INTEREST,https://www.linkedin.com/posts/fake-persona-976_activity-7000000000000020-AaAa
1851-03-17 00:00:00 UTC,LIKE,https://www.linkedin.com/posts/fake-persona-624_activity-7000000000000021-AaAa
1842-11-15 00:00:00 UTC,EMPATHY,https://www.linkedin.com/posts/fake-persona-62_activity-7000000000000022-AaAa
1844-11-25 00:00:00 UTC,EMPATHY,https://www.linkedin.com/posts/fake-persona-910_activity-7000000000000023-AaAa
1841-06-21 00:00:00 UTC,PRAISE,https://www.linkedin.com/posts/fake-persona-381_activity-7000000000000024-AaAa
1845-11-10 00:00:00 UTC,PRAISE,https://www.linkedin.com/posts/fake-persona-144_activity-7000000000000025-AaAa
1850-12-18 00:00:00 UTC,INTEREST,https://www.linkedin.com/posts/fake-persona-442_activity-7000000000000026-AaAa
1849-03-15 00:00:00 UTC,APPRECIATION,https://www.linkedin.com/posts/fake-persona-386_activity-7000000000000027-AaAa
1841-02-05 00:00:00 UTC,INTEREST,https://www.linkedin.com/posts/fake-persona-741_activity-7000000000000028-AaAa
1846-03-24 00:00:00 UTC,APPRECIATION,https://www.linkedin.com/posts/fake-persona-649_activity-7000000000000029-AaAa
1845-02-24 00:00:00 UTC,EMPATHY,https://www.linkedin.com/posts/fake-persona-528_activity-7000000000000030-AaAa
1851-12-28 00:00:00 UTC,PRAISE,https://www.linkedin.com/posts/fake-persona-668_activity-7000000000000031-AaAa
1846-12-18 00:00:00 UTC,INTEREST,https://www.linkedin.com/posts/fake-persona-69_activity-7000000000000032-AaAa
1842-06-09 00:00:00 UTC,LIKE,https://www.linkedin.com/posts/fake-persona-803_activity-7000000000000033-AaAa
1842-09-08 00:00:00 UTC,PRAISE,https://www.linkedin.com/posts/fake-persona-94_activity-7000000000000034-AaAa
1848-07-03 00:00:00 UTC,PRAISE,https://www.linkedin.com/posts/fake-persona-808_activity-7000000000000035-AaAa
1842-02-24 00:00:00 UTC,PRAISE,https://www.linkedin.com/posts/fake-persona-775_activity-7000000000000036-AaAa
1848-09-15 00:00:00 UTC,MAYBE,https://www.linkedin.com/posts/fake-persona-41_activity-7000000000000037-AaAa
1850-08-14 00:00:00 UTC,INTEREST,https://www.linkedin.com/posts/fake-persona-464_activity-7000000000000038-AaAa
1842-07-09 00:00:00 UTC,APPRECIATION,https://www.linkedin.com/posts/fake-persona-666_activity-7000000000000039-AaAa
1843-09-25 00:00:00 UTC,INTEREST,https://www.linkedin.com/posts/fake-persona-511_activity-7000000000000040-AaAa
1847-01-06 00:00:00 UTC,LIKE,https://www.linkedin.com/posts/fake-persona-904_activity-7000000000000041-AaAa
1845-09-11 00:00:00 UTC,INTEREST,https://www.linkedin.com/posts/fake-persona-957_activity-7000000000000042-AaAa
1843-02-08 00:00:00 UTC,APPRECIATION,https://www.linkedin.com/posts/fake-persona-637_activity-7000000000000043-AaAa
1850-07-24 00:00:00 UTC,PRAISE,https://www.linkedin.com/posts/fake-persona-735_activity-7000000000000044-AaAa
1844-07-11 00:00:00 UTC,EMPATHY,https://www.linkedin.com/posts/fake-persona-722_activity-7000000000000045-AaAa
1840-06-02 00:00:00 UTC,PRAISE,https://www.linkedin.com/posts/fake-persona-236_activity-7000000000000046-AaAa
1850-06-15 00:00:00 UTC,INTEREST,https://www.linkedin.com/posts/fake-persona-518_activity-7000000000000047-AaAa
1840-04-26 00:00:00 UTC,LIKE,https://www.linkedin.com/posts/fake-persona-419_activity-7000000000000048-AaAa
1842-04-02 00:00:00 UTC,PRAISE,https://www.linkedin.com/posts/fake-persona-196_activity-7000000000000049-AaAa
1840-02-07 00:00:00 UTC,APPRECIATION,https://www.linkedin.com/posts/fake-persona-113_activity-7000000000000050-AaAa
1850-11-16 00:00:00 UTC,EMPATHY,https://www.linkedin.com/posts/fake-persona-891_activity-7000000000000051-AaAa
1851-08-04 00:00:00 UTC,EMPATHY,https://www.linkedin.com/posts/fake-persona-57_activity-7000000000000052-AaAa
1844-09-23 00:00:00 UTC,MAYBE,https://www.linkedin.com/posts/fake-persona-370_activity-7000000000000053-AaAa
1842-06-10 00:00:00 UTC,LIKE,https://www.linkedin.com/posts/fake-persona-313_activity-7000000000000054-AaAa
1847-01-28 00:00:00 UTC,APPRECIATION,https://www.linkedin.com/posts/fake-persona-268_activity-7000000000000055-AaAa
1844-09-06 00:00:00 UTC,EMPATHY,https://www.linkedin.com/posts/fake-persona-726_activity-7000000000000056-AaAa
1851-01-09 00:00:00 UTC,INTEREST,https://www.linkedin.com/posts/fake-persona-835_activity-7000000000000057-AaAa
1843-08-25 00:00:00 UTC,LIKE,https://www.linkedin.com/posts/fake-persona-580_activity-7000000000000058-AaAa
1844-07-27 00:00:00 UTC,MAYBE,https://www.linkedin.com/posts/fake-persona-720_activity-7000000000000059-AaAa
1849-12-10 00:00:00 UTC,EMPATHY,https://www.linkedin.com/posts/fake-persona-496_activity-7000000000000060-AaAa
1851-08-04 00:00:00 UTC,PRAISE,https://www.linkedin.com/posts/fake-persona-518_activity-7000000000000061-AaAa
1847-09-03 00:00:00 UTC,INTEREST,https://www.linkedin.com/posts/fake-persona-360_activity-7000000000000062-AaAa
1844-01-28 00:00:00 UTC,INTEREST,https://www.linkedin.com/posts/fake-persona-637_activity-7000000000000063-AaAa
1840-11-15 00:00:00 UTC,LIKE,https://www.linkedin.com/posts/fake-persona-699_activity-7000000000000064-AaAa
1842-01-05 00:00:00 UTC,EMPATHY,https://www.linkedin.com/posts/fake-persona-360_activity-7000000000000065-AaAa
1841-11-22 00:00:00 UTC,MAYBE,https://www.linkedin.com/posts/fake-persona-704_activity-7000000000000066-AaAa
1849-05-15 00:00:00 UTC,INTEREST,https://www.linkedin.com/posts/fake-persona-180_activity-7000000000000067-AaAa
1849-02-12 00:00:00 UTC,MAYBE,https://www.linkedin.com/posts/fake-persona-129_activity-7000000000000068-AaAa
1849-04-15 00:00:00 UTC,PRAISE,https://www.linkedin.com/posts/fake-persona-726_activity-7000000000000069-AaAa
1843-11-01 00:00:00 UTC,PRAISE,https://www.linkedin.com/posts/fake-persona-446_activity-7000000000000070-AaAa
1841-11-01 00:00:00 UTC,LIKE,https://www.linkedin.com/posts/fake-persona-708_activity-7000000000000071-AaAa
1849-10-17 00:00:00 UTC,MAYBE,https://www.linkedin.com/posts/fake-persona-336_activity-7000000000000072-AaAa
1848-08-01 00:00:00 UTC,PRAISE,https://www.linkedin.com/posts/fake-persona-56_activity-7000000000000073-AaAa
1845-02-18 00:00:00 UTC,LIKE,https://www.linkedin.com/posts/fake-persona-680_activity-7000000000000074-AaAa
1844-04-23 00:00:00 UTC,LIKE,https://www.linkedin.com/posts/fake-persona-522_activity-7000000000000075-AaAa
1843-06-05 00:00:00 UTC,EMPATHY,https://www.linkedin.com/posts/fake-persona-1_activity-7000000000000076-AaAa
1849-08-25 00:00:00 UTC,INTEREST,https://www.linkedin.com/posts/fake-persona-123_activity-7000000000000077-AaAa
1849-09-09 00:00:00 UTC,INTEREST,https://www.linkedin.com/posts/fake-persona-305_activity-7000000000000078-AaAa
1850-06-27 00:00:00 UTC,EMPATHY,https://www.linkedin.com/posts/fake-persona-166_activity-7000000000000079-AaAa
