Date/Time,Media Description,Media Link
2022-09-28 14:27:00 UTC,Profile image upload v1,https://example.com/rich-media/synthetic/0.png
2021-07-03 05:00:00 UTC,Profile image upload v2,https://example.com/rich-media/synthetic/1.png
2024-03-07 07:57:00 UTC,Profile image upload v3,https://example.com/rich-media/synthetic/2.png
2021-12-13 09:09:00 UTC,Profile image upload v4,https://example.com/rich-media/synthetic/3.png
2024-11-27 19:14:00 UTC,Profile image upload v5,https://example.com/rich-media/synthetic/4.png
2024-08-21 10:16:00 UTC,Profile image upload v6,https://example.com/rich-media/synthetic/5.png
2022-10-17 21:13:00 UTC,Profile image upload v7,https://example.com/rich-media/synthetic/6.png
2019-06-22 16:46:00 UTC,Profile image upload v8,https://example.com/rich-media/synthetic/7.png
2023-09-18 01:10:00 UTC,Profile image upload v9,https://example.com/rich-media/synthetic/8.png
2025-01-18 12:25:00 UTC,Profile image upload v10,https://example.com/rich-media/synthetic/9.png
2021-02-16 15:20:00 UTC,Profile image upload v11,https://example.com/rich-media/synthetic/10.png
2019-10-09 20:10:00 UTC,Profile image upload v12,https://example.com/rich-media/synthetic/11.png
2025-05-23 14:38:00 UTC,Profile image upload v13,https://example.com/rich-media/synthetic/12.png
2023-07-28 23:15:00 UTC,Profile image upload v14,https://example.com/rich-media/synthetic/13.png
2019-12-27 13:37:00 UTC,Profile image upload v15,https://example.com/rich-media/synthetic/14.png
2025-10-18 11:14:00 UTC,Profile image upload v16,https://example.com/rich-media/synthetic/15.png
2023-12-19 11:45:00 UTC,Profile image upload v17,https://example.com/rich-media/synthetic/16.png
2024-11-24 17:50:00 UTC,Profile image upload v18,https://example.com/rich-media/synthetic/17.png
2019-05-24 20:31:00 UTC,Profile image upload v19,https://example.com/rich-media/synthetic/18.png
2023-08-02 14:03:00 UTC,Profile image upload v20,https://example.com/rich-media/synthetic/19.png
2024-06-22 02:51:00 UTC,Profile image upload v21,https://example.com/rich-media/synthetic/20.png
2020-12-26 14:55:00 UTC,Profile image upload v22,https://example.com/rich-media/synthetic/21.png
2023-06-21 03:06:00 UTC,Profile image upload v23,https://example.com/rich-media/synthetic/22.png
2024-01-03 17:55:00 UTC,Profile image upload v24,https://example.com/rich-media/synthetic/23.png
2022-06-21 13:43:00 UTC,Profile image upload v25,https://example.com/rich-media/synthetic/24.png
2022-06-19 16:20:00 UTC,Profile image upload v26,https://example.com/rich-media/synthetic/25.png
2025-09-08 13:12:00 UTC,Profile image upload v27,https://example.com/rich-media/synthetic/26.png
2025-07-25 00:41:00 UTC,Profile image upload v28,https://example.com/rich-media/synthetic/27.png
2025-12-26 05:19:00 UTC,Profile image upload v29,https://example.com/rich-media/synthetic/28.png
2020-12-01 02:48:00 UTC,Profile image upload v30,https://example.com/rich-media/synthetic/29.png
2019-12-12 21:20:00 UTC,Profile image upload v31,https://example.com/rich-media/synthetic/30.png
2025-01-27 05:18:00 UTC,Profile image upload v32,https://example.com/rich-media/synthetic/31.png
2021-01-17 08:08:00 UTC,Profile image upload v33,https://example.com/rich-media/synthetic/32.png
2024-11-18 20:44:00 UTC,Profile image upload v34,https://example.com/rich-media/synthetic/33.png
2025-07-07 08:51:00 UTC,Profile image upload v35,https://example.com/rich-media/synthetic/34.png
2022-04-08 05:16:00 UTC,Profile image upload v36,https://example.com/rich-media/synthetic/35.png
2024-08-18 18:23:00 UTC,Profile image upload v37,https://example.com/rich-media/synthetic/36.png
2024-04-28 07:12:00 UTC,Profile image upload v38,https://example.com/rich-media/synthetic/37.png
2019-11-10 01:42:00 UTC,Profile image upload v39,https://example.com/rich-media/synthetic/38.png
2022-12-04 12:29:00 UTC,Profile image upload v40,https://example.com/rich-media/synthetic/39.png
2023-06-26 23:31:00 UTC,Profile image upload v41,https://example.com/rich-media/synthetic/40.png
2025-10-08 18:03:00 UTC,Profile image upload v42,https://example.com/rich-media/synthetic/41.png
2025-09-12 11:58:00 UTC,Profile image upload v43,https://example.com/rich-media/synthetic/42.png
2023-12-04 15:52:00 UTC,Profile image upload v44,https://example.com/rich-media/synthetic/43.png
2023-09-18 03:27:00 UTC,Profile image upload v45,https://example.com/rich-media/synthetic/44.png
2025-01-15 15:16:00 UTC,Profile image upload v46,https://example.com/rich-media/synthetic/45.png
2020-10-26 06:39:00 UTC,Profile image upload v47,https://example.com/rich-media/synthetic/46.png
2025-12-10 22:41:00 UTC,Profile image upload v48,https://example.com/rich-media/synthetic/47.png
2020-10-21 05:33:00 UTC,Profile image upload v49,https://example.com/rich-media/synthetic/48.png
2020-08-15 03:10:00 UTC,Profile image upload v50,https://example.com/rich-media/synthetic/49.png
2025-05-02 14:43:00 UTC,Profile image upload v51,https://example.com/rich-media/synthetic/50.png
2024-08-17 03:42:00 UTC,Profile image upload v52,https://example.com/rich-media/synthetic/51.png
2019-03-20 06:58:00 UTC,Profile image upload v53,https://example.com/rich-media/synthetic/52.png
2022-05-02 00:22:00 UTC,Profile image upload v54,https://example.com/rich-media/synthetic/53.png
2019-07-23 05:18:00 UTC,Profile image upload v55,https://example.com/rich-media/synthetic/54.png
2021-10-09 16:12:00 UTC,Profile image upload v56,https://example.com/rich-media/synthetic/55.png
2025-03-26 20:08:00 UTC,Profile image upload v57,https://example.com/rich-media/synthetic/56.png
2024-10-12 21:38:00 UTC,Profile image upload v58,https://example.com/rich-media/synthetic/57.png
2022-06-19 12:16:00 UTC,Profile image upload v59,https://example.com/rich-media/synthetic/58.png
2020-12-03 03:25:00 UTC,Profile image upload v60,https://example.com/rich-media/synthetic/59.png
2022-04-28 00:32:00 UTC,Profile image upload v61,https://example.com/rich-media/synthetic/60.png
2019-10-09 18:59:00 UTC,Profile image upload v62,https://example.com/rich-media/synthetic/61.png
2023-06-07 00:52:00 UTC,Profile image upload v63,https://example.com/rich-media/synthetic/62.png
2022-09-28 19:30:00 UTC,Profile image upload v64,https://example.com/rich-media/synthetic/63.png
2024-01-25 12:02:00 UTC,Profile image upload v65,https://example.com/rich-media/synthetic/64.png
2025-03-20 17:44:00 UTC,Profile image upload v66,https://example.com/rich-media/synthetic/65.png
2025-12-01 20:44:00 UTC,Profile image upload v67,https://example.com/rich-media/synthetic/66.png
2020-04-02 17:11:00 UTC,Profile image upload v68,https://example.com/rich-media/synthetic/67.png
2023-12-16 05:04:00 UTC,Profile image upload v69,https://example.com/rich-media/synthetic/68.png
2020-12-16 03:11:00 UTC,Profile image upload v70,https://example.com/rich-media/synthetic/69.png
2020-04-12 15:05:00 UTC,Profile image upload v71,https://example.com/rich-media/synthetic/70.png
2020-04-21 19:21:00 UTC,Profile image upload v72,https://example.com/rich-media/synthetic/71.png
2020-02-17 05:56:00 UTC,Profile image upload v73,https://example.com/rich-media/synthetic/72.png
2022-09-25 11:50:00 UTC,Profile image upload v74,https://example.com/rich-media/synthetic/73.png
2025-02-11 07:27:00 UTC,Profile image upload v75,https://example.com/rich-media/synthetic/74.png
2023-08-23 17:37:00 UTC,Profile image upload v76,https://example.com/rich-media/synthetic/75.png
2025-04-14 01:56:00 UTC,Profile image upload v77,https://example.com/rich-media/synthetic/76.png
2020-11-25 08:38:00 UTC,Profile image upload v78,https://example.com/rich-media/synthetic/77.png
2022-01-08 17:16:00 UTC,Profile image upload v79,https://example.com/rich-media/synthetic/78.png
2023-09-04 03:42:00 UTC,Profile image upload v80,https://example.com/rich-media/synthetic/79.png
2023-04-25 06:10:00 UTC,Profile image upload v81,https://example.com/rich-media/synthetic/80.png
2025-05-17 14:37:00 UTC,Profile image upload v82,https://example.com/rich-media/synthetic/81.png
2019-03-01 05:16:00 UTC,Profile image upload v83,https://example.com/rich-media/synthetic/82.png
2022-04-10 22:56:00 UTC,Profile image upload v84,https://example.com/rich-media/synthetic/83.png
2020-02-05 13:23:00 UTC,Profile image upload v85,https://example.com/rich-media/synthetic/84.png
2024-09-19 22:50:00 UTC,Profile image upload v86,https://example.com/rich-media/synthetic/85.png
2025-04-15 02:25:00 UTC,Profile image upload v87,https://example.com/rich-media/synthetic/86.png
2019-12-10 09:26:00 UTC,Profile image upload v88,https://example.com/rich-media/synthetic/87.png
2025-11-13 03:23:00 UTC,Profile image upload v89,https://example.com/rich-media/synthetic/88.png
2025-03-10 09:57:00 UTC,Profile image upload v90,https://example.com/rich-media/synthetic/89.png
2020-10-22 21:40:00 UTC,Profile image upload v91,https://example.com/rich-media/synthetic/90.png
2025-03-19 12:19:00 UTC,Profile image upload v92,https://example.com/rich-media/synthetic/91.png
2020-08-18 17:54:00 UTC,Profile image upload v93,https://example.com/rich-media/synthetic/92.png
2023-11-23 17:40:00 UTC,Profile image upload v94,https://example.com/rich-media/synthetic/93.png
2019-06-28 01:10:00 UTC,Profile image upload v95,https://example.com/rich-media/synthetic/94.png
2023-11-26 20:13:00 UTC,Profile image upload v96,https://example.com/rich-media/synthetic/95.png
2025-01-17 12:59:00 UTC,Profile image upload v97,https://example.com/rich-media/synthetic/96.png
2020-04-15 21:37:00 UTC,Profile image upload v98,https://example.com/rich-media/synthetic/97.png
2020-12-28 07:58:00 UTC,Profile image upload v99,https://example.com/rich-media/synthetic/98.png
2023-09-21 02:43:00 UTC,Profile image upload v100,https://example.com/rich-media/synthetic/99.png
2019-12-15 20:14:00 UTC,Profile image upload v101,https://example.com/rich-media/synthetic/100.png
2023-03-09 11:25:00 UTC,Profile image upload v102,https://example.com/rich-media/synthetic/101.png
2025-08-07 07:44:00 UTC,Profile image upload v103,https://example.com/rich-media/synthetic/102.png
2021-02-18 09:26:00 UTC,Profile image upload v104,https://example.com/rich-media/synthetic/103.png
2024-06-24 08:33:00 UTC,Profile image upload v105,https://example.com/rich-media/synthetic/104.png
2020-07-07 04:37:00 UTC,Profile image upload v106,https://example.com/rich-media/synthetic/105.png
2023-04-09 09:59:00 UTC,Profile image upload v107,https://example.com/rich-media/synthetic/106.png
2023-11-06 15:19:00 UTC,Profile image upload v108,https://example.com/rich-media/synthetic/107.png
2024-11-20 05:17:00 UTC,Profile image upload v109,https://example.com/rich-media/synthetic/108.png
2019-08-25 10:48:00 UTC,Profile image upload v110,https://example.com/rich-media/synthetic/109.png
2023-08-06 03:14:00 UTC,Profile image upload v111,https://example.com/rich-media/synthetic/110.png
2020-11-23 07:18:00 UTC,Profile image upload v112,https://example.com/rich-media/synthetic/111.png
2020-06-24 05:15:00 UTC,Profile image upload v113,https://example.com/rich-media/synthetic/112.png
2025-10-04 19:11:00 UTC,Profile image upload v114,https://example.com/rich-media/synthetic/113.png
2022-01-11 05:49:00 UTC,Profile image upload v115,https://example.com/rich-media/synthetic/114.png
2020-06-08 22:01:00 UTC,Profile image upload v116,https://example.com/rich-media/synthetic/115.png
2019-09-22 23:52:00 UTC,Profile image upload v117,https://example.com/rich-media/synthetic/116.png
2023-06-26 02:32:00 UTC,Profile image upload v118,https://example.com/rich-media/synthetic/117.png
2024-03-22 01:28:00 UTC,Profile image upload v119,https://example.com/rich-media/synthetic/118.png
2021-12-04 02:14:00 UTC,Profile image upload v120,https://example.com/rich-media/synthetic/119.png
2025-05-27 12:08:00 UTC,Profile image upload v121,https://example.com/rich-media/synthetic/120.png
2020-04-26 14:56:00 UTC,Profile image upload v122,https://example.com/rich-media/synthetic/121.png
2023-07-04 23:17:00 UTC,Profile image upload v123,https://example.com/rich-media/synthetic/122.png
2020-10-02 15:51:00 UTC,Profile image upload v124,https://example.com/rich-media/synthetic/123.png
2025-09-09 20:59:00 UTC,Profile image upload v125,https://example.com/rich-media/synthetic/124.png
2019-01-19 19:35:00 UTC,Profile image upload v126,https://example.com/rich-media/synthetic/125.png
2022-04-14 22:33:00 UTC,Profile image upload v127,https://example.com/rich-media/synthetic/126.png
2021-05-19 10:59:00 UTC,Profile image upload v128,https://example.com/rich-media/synthetic/127.png
2020-11-26 17:59:00 UTC,Profile image upload v129,https://example.com/rich-media/synthetic/128.png
2019-07-20 15:26:00 UTC,Profile image upload v130,https://example.com/rich-media/synthetic/129.png
2020-05-04 21:18:00 UTC,Profile image upload v131,https://example.com/rich-media/synthetic/130.png
2020-05-16 10:35:00 UTC,Profile image upload v132,https://example.com/rich-media/synthetic/131.png
2024-04-03 16:46:00 UTC,Profile image upload v133,https://example.com/rich-media/synthetic/132.png
2025-11-11 10:37:00 UTC,Profile image upload v134,https://example.com/rich-media/synthetic/133.png
2019-12-11 00:43:00 UTC,Profile image upload v135,https://example.com/rich-media/synthetic/134.png
2024-09-09 22:54:00 UTC,Profile image upload v136,https://example.com/rich-media/synthetic/135.png
2024-12-10 11:44:00 UTC,Profile image upload v137,https://example.com/rich-media/synthetic/136.png
2025-12-07 22:30:00 UTC,Profile image upload v138,https://example.com/rich-media/synthetic/137.png
2022-09-15 05:49:00 UTC,Profile image upload v139,https://example.com/rich-media/synthetic/138.png
2023-05-02 10:40:00 UTC,Profile image upload v140,https://example.com/rich-media/synthetic/139.png
2021-11-27 14:11:00 UTC,Profile image upload v141,https://example.com/rich-media/synthetic/140.png
2020-04-06 13:02:00 UTC,Profile image upload v142,https://example.com/rich-media/synthetic/141.png
2024-02-20 17:17:00 UTC,Profile image upload v143,https://example.com/rich-media/synthetic/142.png
2022-05-14 07:25:00 UTC,Profile image upload v144,https://example.com/rich-media/synthetic/143.png
2019-04-27 21:44:00 UTC,Profile image upload v145,https://example.com/rich-media/synthetic/144.png
2021-05-02 08:00:00 UTC,Profile image upload v146,https://example.com/rich-media/synthetic/145.png
2025-01-16 12:47:00 UTC,Profile image upload v147,https://example.com/rich-media/synthetic/146.png
2021-07-20 15:05:00 UTC,Profile image upload v148,https://example.com/rich-media/synthetic/147.png
2021-11-17 16:09:00 UTC,Profile image upload v149,https://example.com/rich-media/synthetic/148.png
2024-01-11 17:35:00 UTC,Profile image upload v150,https://example.com/rich-media/synthetic/149.png
2021-11-17 09:11:00 UTC,Profile image upload v151,https://example.com/rich-media/synthetic/150.png
2023-07-07 10:25:00 UTC,Profile image upload v152,https://example.com/rich-media/synthetic/151.png
2022-04-22 02:39:00 UTC,Profile image upload v153,https://example.com/rich-media/synthetic/152.png
2021-07-15 15:40:00 UTC,Profile image upload v154,https://example.com/rich-media/synthetic/153.png
2022-04-23 23:09:00 UTC,Profile image upload v155,https://example.com/rich-media/synthetic/154.png
2021-12-15 02:43:00 UTC,Profile image upload v156,https://example.com/rich-media/synthetic/155.png
2022-03-11 14:34:00 UTC,Profile image upload v157,https://example.com/rich-media/synthetic/156.png
2019-05-09 03:42:00 UTC,Profile image upload v158,https://example.com/rich-media/synthetic/157.png
2023-03-12 12:44:00 UTC,Profile image upload v159,https://example.com/rich-media/synthetic/158.png
2023-07-03 09:31:00 UTC,Profile image upload v160,https://example.com/rich-media/synthetic/159.png
2020-06-17 18:43:00 UTC,Profile image upload v161,https://example.com/rich-media/synthetic/160.png
2020-04-01 23:15:00 UTC,Profile image upload v162,https://example.com/rich-media/synthetic/161.png
2023-04-18 14:03:00 UTC,Profile image upload v163,https://example.com/rich-media/synthetic/162.png
2021-11-22 08:49:00 UTC,Profile image upload v164,https://example.com/rich-media/synthetic/163.png
2019-02-07 04:01:00 UTC,Profile image upload v165,https://example.com/rich-media/synthetic/164.png
2022-06-20 14:23:00 UTC,Profile image upload v166,https://example.com/rich-media/synthetic/165.png
2019-05-23 00:40:00 UTC,Profile image upload v167,https://example.com/rich-media/synthetic/166.png
2024-09-14 19:47:00 UTC,Profile image upload v168,https://example.com/rich-media/synthetic/167.png
2024-10-23 15:07:00 UTC,Profile image upload v169,https://example.com/rich-media/synthetic/168.png
2021-06-25 12:18:00 UTC,Profile image upload v170,https://example.com/rich-media/synthetic/169.png
2025-07-09 01:46:00 UTC,Profile image upload v171,https://example.com/rich-media/synthetic/170.png
2022-03-15 15:47:00 UTC,Profile image upload v172,https://example.com/rich-media/synthetic/171.png
2024-12-10 06:56:00 UTC,Profile image upload v173,https://example.com/rich-media/synthetic/172.png
2020-04-06 15:08:00 UTC,Profile image upload v174,https://example.com/rich-media/synthetic/173.png
2020-08-17 17:36:00 UTC,Profile image upload v175,https://example.com/rich-media/synthetic/174.png
2022-10-22 03:16:00 UTC,Profile image upload v176,https://example.com/rich-media/synthetic/175.png
2020-09-03 10:42:00 UTC,Profile image upload v177,https://example.com/rich-media/synthetic/176.png
2022-08-02 22:57:00 UTC,Profile image upload v178,https://example.com/rich-media/synthetic/177.png
2019-05-23 12:10:00 UTC,Profile image upload v179,https://example.com/rich-media/synthetic/178.png
